{"0.4430169909209061":{"user_id":1},"0.26952813848806323":{"user_id":1},"0.8161370630696565":{"user_id":1},"0.26537535711845495":{"user_id":1}}